{"num__EXT_SOURCE_2":0.2954020213,"num__EXT_SOURCE_3":0.2558685361,"num__EXT_SOURCE_1":0.1336935762,"num__AMT_GOODS_PRICE":0.132441342,"cat__CODE_GENDER_F":0.128741177,"cat__FLAG_OWN_CAR_N":0.121739093,"num__PAYMENT_RATE":0.1183212293,"num__PREV_AMT_ANNUITY_MEAN":0.1148654647,"cat__NAME_CONTRACT_TYPE_Cash loans":0.106815017,"num__AMT_CREDIT":0.1065329951,"num__PREV_APP_CREDIT_PERC_MEAN":0.1045643286,"num__INSTAL_DPD_MAX":0.0974294359,"cat__NAME_CONTRACT_TYPE_Revolving loans":0.0921004833,"num__PREV_AMT_CREDIT_MAX":0.0883456801,"num__INSTAL_AMT_PAYMENT_SUM":0.0761171723,"num__PREV_NAME_CONTRACT_STATUS_Refused_MEAN":0.0748786965,"num__DAYS_EMPLOYED":0.0731911428,"num__BURO_ACTIVE_AMT_CREDIT_SUM_DEBT_SUM":0.0704100831,"num__AMT_ANNUITY":0.0696862964,"num__POS_COUNT":0.0691348736,"num__INSTAL_PAYMENT_DIFF_SUM":0.06881284,"cat__NAME_EDUCATION_TYPE_Secondary \/ secondary special":0.0599811143,"num__BURO_CREDIT_ACTIVE_Active_MEAN":0.0587410743,"num__INSTAL_COUNT":0.0572085194,"num__DAYS_BIRTH":0.0565467523,"cat__NAME_FAMILY_STATUS_Married":0.0556677932,"num__ANNUITY_INCOME_PERC":0.0552044296,"num__OWN_CAR_AGE":0.0538420635,"num__DAYS_ID_PUBLISH":0.0507529064,"num__BURO_ACTIVE_AMT_CREDIT_SUM_SUM":0.0505796878,"cat__NAME_INCOME_TYPE_Working":0.0496862717,"cat__FLAG_OWN_REALTY_N":0.0464049628,"num__BURO_AMT_CREDIT_SUM_DEBT_SUM":0.0406039934,"num__BURO_DAYS_CREDIT_COUNT":0.0405634454,"cat__NAME_EDUCATION_TYPE_Higher education":0.0399569197,"num__BURO_AMT_CREDIT_SUM_MAX":0.0389655962,"num__CC_MONTHS_BALANCE_MIN":0.0380962393,"num__POS_MONTHS_BALANCE_MIN":0.0360903405,"num__BURO_DAYS_CREDIT_MAX":0.0352886555,"num__PREV_AMT_APPLICATION_MAX":0.0345139007,"num__FLAG_DOCUMENT_3":0.0337257915,"num__AMT_REQ_CREDIT_BUREAU_QRT":0.0325706039,"num__CC_CREDIT_UTIL_MEAN":0.0306746784,"num__AMT_REQ_CREDIT_BUREAU_YEAR":0.029437049,"num__INSTAL_DPD_MEAN":0.0292122843,"num__FLOORSMAX_MEDI":0.0284476516,"num__FLOORSMAX_MODE":0.0281906689,"num__FLAG_PHONE":0.0275467046,"num__POS_SK_DPD_DEF_MAX":0.0270868808,"num__CC_CREDIT_UTIL_MAX":0.0267475694,"num__PREV_NAME_CONTRACT_STATUS_Approved_MEAN":0.0261195813,"num__NONLIVINGAREA_MODE":0.0260922677,"num__POS_MONTHS_BALANCE_MEAN":0.0256831388,"num__BURO_CLOSED_AMT_CREDIT_SUM_SUM":0.0250915229,"num__PREV_DAYS_DECISION_COUNT":0.0246513787,"num__REGION_RATING_CLIENT_W_CITY":0.0241768729,"cat__FLAG_OWN_REALTY_Y":0.024056473,"num__PREV_AMT_APPLICATION_MEAN":0.023903178,"num__NONLIVINGAREA_AVG":0.0238906671,"num__REGION_POPULATION_RELATIVE":0.0237445935,"num__DAYS_LAST_PHONE_CHANGE":0.0236504547,"cat__WEEKDAY_APPR_PROCESS_START_MONDAY":0.0223413901,"num__BURO_DAYS_CREDIT_MIN":0.0216096135,"num__INSTAL_PAYMENT_PERC_MEAN":0.0215897017,"num__BURO_AMT_CREDIT_SUM_SUM":0.0212996253,"num__HOUR_APPR_PROCESS_START":0.0204151507,"num__PREV_DAYS_DECISION_MEAN":0.0203848392,"num__DAYS_REGISTRATION":0.0203514549,"num__OBS_30_CNT_SOCIAL_CIRCLE":0.0198484086,"cat__NAME_INCOME_TYPE_Commercial associate":0.0198313272,"cat__FLAG_OWN_CAR_Y":0.0198268574,"num__NONLIVINGAREA_MEDI":0.0184115283,"num__PREV_DAYS_DECISION_MIN":0.0183663423,"cat__WEEKDAY_APPR_PROCESS_START_THURSDAY":0.0173089066,"cat__ORGANIZATION_TYPE_Business Entity Type 3":0.017175137,"cat__WEEKDAY_APPR_PROCESS_START_FRIDAY":0.0168058855,"num__BURO_BB_STATUS_X_MEAN_MEAN":0.0165944054,"cat__OCCUPATION_TYPE_Core staff":0.0161393826,"num__AMT_INCOME_TOTAL":0.0159881031,"num__PREV_AMT_CREDIT_MEAN":0.0159295137,"num__FLAG_WORK_PHONE":0.0156660959,"cat__OCCUPATION_TYPE_Laborers":0.0156262295,"num__DEF_30_CNT_SOCIAL_CIRCLE":0.0146601183,"cat__WALLSMATERIAL_MODE_Panel":0.0141867462,"cat__WEEKDAY_APPR_PROCESS_START_SATURDAY":0.0138955683,"cat__ORGANIZATION_TYPE_Self-employed":0.0138262455,"num__INCOME_CREDIT_PERC":0.0130378968,"num__REG_CITY_NOT_LIVE_CITY":0.0126645812,"cat__ORGANIZATION_TYPE_XNA":0.0125090747,"num__INSTAL_AMT_INSTALMENT_SUM":0.0119680898,"num__INSTAL_DBD_MEAN":0.0119366134,"num__CC_COUNT":0.0118339847,"cat__NAME_TYPE_SUITE_Unaccompanied":0.0116836598,"cat__WEEKDAY_APPR_PROCESS_START_TUESDAY":0.0108659634,"num__DEF_60_CNT_SOCIAL_CIRCLE":0.01049159,"num__AMT_REQ_CREDIT_BUREAU_MON":0.0103679627,"cat__WEEKDAY_APPR_PROCESS_START_WEDNESDAY":0.0098592156,"num__BURO_BB_STATUS_C_MEAN_MEAN":0.0095035586,"num__POS_SK_DPD_MEAN":0.0094943246,"num__CC_AMT_BALANCE_MEAN":0.0091275328,"cat__NAME_EDUCATION_TYPE_Academic degree":0.0088090302,"cat__WEEKDAY_APPR_PROCESS_START_SUNDAY":0.0088007458,"cat__ORGANIZATION_TYPE_Military":0.0086908194,"cat__WALLSMATERIAL_MODE_Stone, brick":0.0085440169,"num__BURO_BB_STATUS_0_MEAN_MEAN":0.0080680398,"cat__NAME_HOUSING_TYPE_House \/ apartment":0.0077921225,"num__CNT_FAM_MEMBERS":0.0077789674,"cat__ORGANIZATION_TYPE_School":0.0075874357,"cat__ORGANIZATION_TYPE_Transport: type 3":0.0075757022,"num__YEARS_BEGINEXPLUATATION_AVG":0.0075732948,"num__YEARS_BEGINEXPLUATATION_MODE":0.0075128438,"num__BURO_BB_MONTHS_BALANCE_COUNT_MEAN":0.0074094942,"num__CC_PAYMENT_MIN_RATIO_MEAN":0.0071918343,"num__BASEMENTAREA_AVG":0.0066432032,"num__COMMONAREA_AVG":0.0063502773,"num__CNT_CHILDREN":0.0063355913,"num__BASEMENTAREA_MEDI":0.0056503016,"num__LANDAREA_AVG":0.005607064,"num__BURO_BB_MONTHS_BALANCE_MIN_MIN":0.0055911905,"cat__OCCUPATION_TYPE_Drivers":0.0055431751,"cat__OCCUPATION_TYPE_Accountants":0.0055134533,"num__ENTRANCES_MODE":0.005366564,"num__APARTMENTS_AVG":0.0052164237,"num__FLAG_DOCUMENT_6":0.0051943698,"num__POS_SK_DPD_MAX":0.0051818181,"cat__ORGANIZATION_TYPE_Construction":0.0051279584,"cat__CODE_GENDER_M":0.0050683581,"num__ENTRANCES_MEDI":0.0048723519,"num__ENTRANCES_AVG":0.0047324228,"cat__NAME_FAMILY_STATUS_Single \/ not married":0.0047023446,"cat__OCCUPATION_TYPE_Sales staff":0.0046233888,"num__TOTALAREA_MODE":0.0046031633,"num__CC_AMT_PAYMENT_CURRENT_MEAN":0.0044396616,"cat__ORGANIZATION_TYPE_Industry: type 9":0.0042712337,"num__FLAG_EMP_PHONE":0.0042692978,"num__POS_SK_DPD_DEF_MEAN":0.0040259772,"num__YEARS_BUILD_AVG":0.0040099354,"num__LANDAREA_MODE":0.0039247379,"num__FLOORSMAX_AVG":0.0037685336,"num__OBS_60_CNT_SOCIAL_CIRCLE":0.0036935791,"num__YEARS_BEGINEXPLUATATION_MEDI":0.003580321,"cat__NAME_INCOME_TYPE_Pensioner":0.0032352684,"num__ELEVATORS_MODE":0.0031298824,"num__COMMONAREA_MODE":0.0031201823,"num__FLAG_DOCUMENT_16":0.0030989491,"num__BURO_BB_STATUS_1_MEAN_MEAN":0.0029858234,"num__REGION_RATING_CLIENT":0.002961656,"num__LIVINGAREA_MEDI":0.0028406001,"cat__ORGANIZATION_TYPE_Other":0.0027157985,"num__BASEMENTAREA_MODE":0.0026896694,"num__AMT_REQ_CREDIT_BUREAU_WEEK":0.002566025,"num__LANDAREA_MEDI":0.0024268244,"cat__ORGANIZATION_TYPE_Industry: type 3":0.0023821107,"cat__NAME_FAMILY_STATUS_Widow":0.0023627699,"cat__ORGANIZATION_TYPE_Legal Services":0.0023225293,"num__LIVINGAPARTMENTS_MODE":0.0022901838,"num__LIVINGAREA_AVG":0.0022789396,"num__BURO_BB_STATUS_2_MEAN_MEAN":0.0021969003,"cat__ORGANIZATION_TYPE_Government":0.0021938095,"num__LIVINGAREA_MODE":0.0021854724,"num__FLAG_DOCUMENT_11":0.0021845388,"num__APARTMENTS_MODE":0.0021336245,"cat__NAME_EDUCATION_TYPE_Lower secondary":0.0020645821,"cat__NAME_HOUSING_TYPE_Municipal apartment":0.0020170741,"num__BURO_CLOSED_AMT_CREDIT_SUM_DEBT_SUM":0.0019860964,"num__APARTMENTS_MEDI":0.0019827738,"cat__ORGANIZATION_TYPE_Bank":0.0018485562,"num__LIVINGAPARTMENTS_AVG":0.0018328403,"num__NONLIVINGAPARTMENTS_AVG":0.0017504743,"cat__ORGANIZATION_TYPE_Medicine":0.0017422792,"num__LIVINGAPARTMENTS_MEDI":0.0016980064,"cat__NAME_INCOME_TYPE_State servant":0.0016616547,"cat__OCCUPATION_TYPE_Managers":0.0016213662,"num__COMMONAREA_MEDI":0.0015220146,"cat__OCCUPATION_TYPE_High skill tech staff":0.0014424402,"cat__NAME_FAMILY_STATUS_Civil marriage":0.0014322177,"num__YEARS_BUILD_MODE":0.0013687599,"cat__OCCUPATION_TYPE_Cooking staff":0.0013599501,"cat__ORGANIZATION_TYPE_Kindergarten":0.0013564196,"cat__NAME_EDUCATION_TYPE_Incomplete higher":0.0013493527,"num__AMT_REQ_CREDIT_BUREAU_DAY":0.0013438968,"cat__NAME_HOUSING_TYPE_Office apartment":0.0013012897,"num__YEARS_BUILD_MEDI":0.0012268369,